code,isAttended
GL23EF0001
GL23EF0002
GL23EF0003
GL23EF0004
GL23EF0005
GL23EF0006
GL23EF0007
GL23EF0008
GL23EF0009
GL23EF0010
GL23EF0011
GL23EF0012
GL23EF0013
GL23EF0014
GL23EF0015
GL23EF0016
GL23EF0017
GL23EF0018
GL23EF0019
GL23EF0020
GL23EF0021
GL23EF0022
GL23EF0023
GL23EF0024
GL23EF0025
GL23EF0026
GL23EF0027
GL23EF0028
GL23EF0029
GL23EF0030
GL23EF0031
GL23EF0032
GL23EF0033
GL23EF0034
GL23EF0035
GL23EF0036
GL23EF0037
GL23EF0038
GL23EF0039
GL23EF0040
GL23EF0041
GL23EF0042
GL23EF0043
GL23EF0044
GL23EF0045
GL23EF0046
GL23EF0047
GL23EF0048
GL23EF0049
GL23EF0050
GL23EF0051
GL23EF0052
GL23EF0053
GL23EF0054
GL23EF0055
GL23EF0056
GL23EF0057
GL23EF0058
GL23EF0059
GL23EF0060
GL23EF0061
GL23EF0062
GL23EF0063
GL23EF0064
GL23EF0065
GL23EF0066
GL23EF0067
GL23EF0068
GL23EF0069
GL23EF0070
GL23EF0071
GL23EF0072
GL23EF0073
GL23EF0074
GL23EF0075
GL23EF0076
GL23EF0077
GL23EF0078
GL23EF0079
GL23EF0080
GL23EF0081
GL23EF0082
GL23EF0083
GL23EF0084
GL23EF0085
GL23EF0086
GL23EF0087
GL23EF0088
GL23EF0089
GL23EF0090
GL23EF0091
GL23EF0092
GL23EF0093
GL23EF0094
GL23EF0095
GL23EF0096
GL23EF0097
GL23EF0098
GL23EF0099
GL23EF0100
GL23EF0101
GL23EF0102
GL23EF0103
GL23EF0104
GL23EF0105
GL23EF0106
GL23EF0107
GL23EF0108
GL23EF0109
GL23EF0110
GL23EF0111
GL23EF0112
GL23EF0113
GL23EF0114
GL23EF0115
GL23EF0116
GL23EF0117
GL23EF0118
GL23EF0119
GL23EF0120
GL23EF0121
GL23EF0122
GL23EF0123
GL23EF0124
GL23EF0125
GL23EF0126
GL23EF0127
GL23EF0128
GL23EF0129
GL23EF0130
GL23EF0131
GL23EF0132
GL23EF0133
GL23EF0134
GL23EF0135
GL23EF0136
GL23EF0137
GL23EF0138
GL23EF0139
GL23EF0140
GL23EF0141
GL23EF0142
GL23EF0143
GL23EF0144
GL23EF0145
GL23EF0146
GL23EF0147
GL23EF0148
GL23EF0149
GL23EF0150
GL23EF0151
GL23EF0152
GL23EF0153
GL23EF0154
GL23EF0155
GL23EF0156
GL23EF0157
GL23EF0158
GL23EF0159
GL23EF0160
GL23EF0161
GL23EF0162
GL23EF0163
GL23EF0164
GL23EF0165
GL23EF0166
GL23EF0167
GL23EF0168
GL23EF0169
GL23EF0170
GL23EF0171
GL23EF0172
GL23EF0173
GL23EF0174
GL23EF0175
GL23EF0176
GL23EF0177
GL23EF0178
GL23EF0179
GL23EF0180
GL23EF0181
GL23EF0182
GL23EF0183
GL23EF0184
GL23EF0185
GL23EF0186
GL23EF0187
GL23EF0188
GL23EF0189
GL23EF0190
GL23EF0191
GL23EF0192
GL23EF0193
GL23EF0194
GL23EF0195
GL23EF0196
GL23EF0197
GL23EF0198
GL23EF0199
GL23EF0200
GL23EF0201
GL23EF0202
GL23EF0203
GL23EF0204
GL23EF0205
GL23EF0206
GL23EF0207
GL23EF0208
GL23EF0209
GL23EF0210
GL23EF0211
GL23EF0212
GL23EF0213
GL23EF0214
GL23EF0215
GL23EF0216
GL23EF0217
GL23EF0218
GL23EF0219
GL23EF0220
GL23EF0221
GL23EF0222
GL23EF0223
GL23EF0224
GL23EF0225
GL23EF0226
GL23EF0227
GL23EF0228
GL23EF0229
GL23EF0230
GL23EF0231
GL23EF0232
GL23EF0233
GL23EF0234
GL23EF0235
GL23EF0236
GL23EF0237
GL23EF0238
GL23EF0239
GL23EF0240
GL23EF0241
GL23EF0242
GL23EF0243
GL23EF0244
GL23EF0245
GL23EF0246
GL23EF0247
GL23EF0248
GL23EF0249
GL23EF0250
GL23EF0251
GL23EF0252
GL23EF0253
GL23EF0254
GL23EF0255
GL23EF0256
GL23EF0257
GL23EF0258
GL23EF0259
GL23EF0260
GL23EF0261
GL23EF0262
GL23EF0263
GL23EF0264
GL23EF0265
GL23EF0266
GL23EF0267
GL23EF0268
GL23EF0269
GL23EF0270
GL23EF0271
GL23EF0272
GL23EF0273
GL23EF0274
GL23EF0275
GL23EF0276
GL23EF0277
GL23EF0278
GL23EF0279
GL23EF0280
GL23EF0281
GL23EF0282
GL23EF0283
GL23EF0284
GL23EF0285
GL23EF0286
GL23EF0287
GL23EF0288
GL23EF0289
GL23EF0290
GL23EF0291
GL23EF0292
GL23EF0293
GL23EF0294
GL23EF0295
GL23EF0296
GL23EF0297
GL23EF0298
GL23EF0299
GL23EF0300
GL23EF0301
GL23EF0302
GL23EF0303
GL23EF0304
GL23EF0305
GL23EF0306
GL23EF0307
GL23EF0308
GL23EF0309
GL23EF0310
GL23EF0311
GL23EF0312
GL23EF0313
GL23EF0314
GL23EF0315
GL23EF0316
GL23EF0317
GL23EF0318
GL23EF0319
GL23EF0320
GL23EF0321
GL23EF0322
GL23EF0323
GL23EF0324
GL23EF0325
GL23EF0326
GL23EF0327
GL23EF0328
GL23EF0329
GL23EF0330
GL23EF0331
GL23EF0332
GL23EF0333
GL23EF0334
GL23EF0335
GL23EF0336
GL23EF0337
GL23EF0338
GL23EF0339
GL23EF0340
GL23EF0341
GL23EF0342
GL23EF0343
GL23EF0344
GL23EF0345
GL23EF0346
GL23EF0347
GL23EF0348
GL23EF0349
GL23EF0350
GL23EF0351
GL23EF0352
GL23EF0353
GL23EF0354
GL23EF0355
GL23EF0356
GL23EF0357
GL23EF0358
GL23EF0359
GL23EF0360
GL23EF0361
GL23EF0362
GL23EF0363
GL23EF0364
GL23EF0365
GL23EF0366
GL23EF0367
GL23EF0368
GL23EF0369
GL23EF0370
GL23EF0371
GL23EF0372
GL23EF0373
GL23EF0374
GL23EF0375
GL23EF0376
GL23EF0377
GL23EF0378
GL23EF0379
GL23EF0380
GL23EF0381
GL23EF0382
GL23EF0383
GL23EF0384
GL23EF0385
GL23EF0386
GL23EF0387
GL23EF0388
GL23EF0389
GL23EF0390
GL23EF0391
GL23EF0392
GL23EF0393
GL23EF0394
GL23EF0395
GL23EF0396
GL23EF0397
GL23EF0398
GL23EF0399
GL23EF0400
GL23EF0401
GL23EF0402
GL23EF0403
GL23EF0404
GL23EF0405
GL23EF0406
GL23EF0407
GL23EF0408
GL23EF0409
GL23EF0410
GL23EF0411
GL23EF0412
GL23EF0413
GL23EF0414
GL23EF0415
GL23EF0416
GL23EF0417
GL23EF0418
GL23EF0419
GL23EF0420
GL23EF0421
GL23EF0422
GL23EF0423
GL23EF0424
GL23EF0425
GL23EF0426
GL23EF0427
GL23EF0428
GL23EF0429
GL23EF0430
GL23EF0431
GL23EF0432
GL23EF0433
GL23EF0434
GL23EF0435
GL23EF0436
GL23EF0437
GL23EF0438
GL23EF0439
GL23EF0440
GL23EF0441
GL23EF0442
GL23EF0443
GL23EF0444
GL23EF0445
GL23EF0446
GL23EF0447
GL23EF0448
GL23EF0449
GL23EF0450
GL23EF0451
GL23EF0452
GL23EF0453
GL23EF0454
GL23EF0455
GL23EF0456
GL23EF0457
GL23EF0458
GL23EF0459
GL23EF0460
GL23EF0461
GL23EF0462
GL23EF0463
GL23EF0464
GL23EF0465
GL23EF0466
GL23EF0467
GL23EF0468
GL23EF0469
GL23EF0470
GL23EF0471
GL23EF0472
GL23EF0473
GL23EF0474
GL23EF0475
GL23EF0476
GL23EF0477
GL23EF0478
GL23EF0479
GL23EF0480
GL23EF0481
GL23EF0482
GL23EF0483
GL23EF0484
GL23EF0485
GL23EF0486
GL23EF0487
GL23EF0488
GL23EF0489
GL23EF0490
GL23EF0491
GL23EF0492
GL23EF0493
GL23EF0494
GL23EF0495
GL23EF0496
GL23EF0497
GL23EF0498
GL23EF0499
GL23EF0500
GL23EF0501
GL23EF0502
GL23EF0503
GL23EF0504
GL23EF0505
GL23EF0506
GL23EF0507
GL23EF0508
GL23EF0509
GL23EF0510
GL23EF0511
GL23EF0512
GL23EF0513
GL23EF0514
GL23EF0515
GL23EF0516
GL23EF0517
GL23EF0518
GL23EF0519
GL23EF0520
GL23EF0521
GL23EF0522
GL23EF0523
GL23EF0524
GL23EF0525
GL23EF0526
GL23EF0527
GL23EF0528
GL23EF0529
GL23EF0530
GL23EF0531
GL23EF0532
GL23EF0533
GL23EF0534
GL23EF0535
GL23EF0536
GL23EF0537
GL23EF0538
GL23EF0539
GL23EF0540
GL23EF0541
GL23EF0542
GL23EF0543
GL23EF0544
GL23EF0545
GL23EF0546
GL23EF0547
GL23EF0548
GL23EF0549
GL23EF0550
GL23EF0551
GL23EF0552
GL23EF0553
GL23EF0554
GL23EF0555
GL23EF0556
GL23EF0557
GL23EF0558
GL23EF0559
GL23EF0560
GL23EF0561
GL23EF0562
GL23EF0563
GL23EF0564
GL23EF0565
GL23EF0566
GL23EF0567
GL23EF0568
GL23EF0569
GL23EF0570
GL23EF0571
GL23EF0572
GL23EF0573
GL23EF0574
GL23EF0575
GL23EF0576
GL23EF0577
GL23EF0578
GL23EF0579
GL23EF0580
GL23EF0581
GL23EF0582
GL23EF0583
GL23EF0584
GL23EF0585
GL23EF0586
GL23EF0587
GL23EF0588
GL23EF0589
GL23EF0590
GL23EF0591
GL23EF0592
GL23EF0593
GL23EF0594
GL23EF0595
GL23EF0596
GL23EF0597
GL23EF0598
GL23EF0599
GL23EF0600
GL23EF0601
GL23EF0602
GL23EF0603
GL23EF0604
GL23EF0605
GL23EF0606
GL23EF0607
GL23EF0608
GL23EF0609
GL23EF0610
GL23EF0611
GL23EF0612
GL23EF0613
GL23EF0614
GL23EF0615
GL23EF0616
GL23EF0617
GL23EF0618
GL23EF0619
GL23EF0620
GL23EF0621
GL23EF0622
GL23EF0623
GL23EF0624
GL23EF0625
GL23EF0626
GL23EF0627
GL23EF0628
GL23EF0629
GL23EF0630
GL23EF0631
GL23EF0632
GL23EF0633
GL23EF0634
GL23EF0635
GL23EF0636
GL23EF0637
GL23EF0638
GL23EF0639
GL23EF0640
GL23EF0641
GL23EF0642
GL23EF0643
GL23EF0644
GL23EF0645
GL23EF0646
GL23EF0647
GL23EF0648
GL23EF0649
GL23EF0650
GL23EF0651
GL23EF0652
GL23EF0653
GL23EF0654
GL23EF0655
GL23EF0656
GL23EF0657
GL23EF0658
GL23EF0659
GL23EF0660
GL23EF0661
GL23EF0662
GL23EF0663
GL23EF0664
GL23EF0665
GL23EF0666
GL23EF0667
GL23EF0668
GL23EF0669
GL23EF0670
GL23EF0671
GL23EF0672
GL23EF0673
GL23EF0674
GL23EF0675
GL23EF0676
GL23EF0677
GL23EF0678
GL23EF0679
GL23EF0680
GL23EF0681
GL23EF0682
GL23EF0683
GL23EF0684
GL23EF0685
GL23EF0686
GL23EF0687
GL23EF0688
GL23EF0689
GL23EF0690
GL23EF0691
GL23EF0692
GL23EF0693
GL23EF0694
GL23EF0695
GL23EF0696
GL23EF0697
GL23EF0698
GL23EF0699
GL23EF0700
GL23EF0701
GL23EF0702
GL23EF0703
GL23EF0704
GL23EF0705
GL23EF0706
GL23EF0707
GL23EF0708
GL23EF0709
GL23EF0710
GL23EF0711
GL23EF0712
GL23EF0713
GL23EF0714
GL23EF0715
GL23EF0716
GL23EF0717
GL23EF0718
GL23EF0719
GL23EF0720
GL23EF0721
GL23EF0722
GL23EF0723
GL23EF0724
GL23EF0725
GL23EF0726
GL23EF0727
GL23EF0728
GL23EF0729
GL23EF0730
GL23EF0731
GL23EF0732
GL23EF0733
GL23EF0734
GL23EF0735
GL23EF0736
GL23EF0737
GL23EF0738
GL23EF0739
GL23EF0740
GL23EF0741
GL23EF0742
GL23EF0743
GL23EF0744
GL23EF0745
GL23EF0746
GL23EF0747
GL23EF0748
GL23EF0749
GL23EF0750
GL23EF0751
GL23EF0752
GL23EF0753
GL23EF0754
GL23EF0755
GL23EF0756
GL23EF0757
GL23EF0758
GL23EF0759
GL23EF0760
GL23EF0761
GL23EF0762
GL23EF0763
GL23EF0764
GL23EF0765
GL23EF0766
GL23EF0767
GL23EF0768
GL23EF0769
GL23EF0770
GL23EF0771
GL23EF0772
GL23EF0773
GL23EF0774
GL23EF0775
GL23EF0776
GL23EF0777
GL23EF0778
GL23EF0779
GL23EF0780
GL23EF0781
GL23EF0782
GL23EF0783
GL23EF0784
GL23EF0785
GL23EF0786
GL23EF0787
GL23EF0788
GL23EF0789
GL23EF0790
GL23EF0791
GL23EF0792
GL23EF0793
GL23EF0794
GL23EF0795
GL23EF0796
GL23EF0797
GL23EF0798
GL23EF0799
GL23EF0800
GL23EF0801
GL23EF0802
GL23EF0803
GL23EF0804
GL23EF0805
GL23EF0806
GL23EF0807
GL23EF0808
GL23EF0809
GL23EF0810
GL23EF0811
GL23EF0812
GL23EF0813
GL23EF0814
GL23EF0815
GL23EF0816
GL23EF0817
GL23EF0818
GL23EF0819
GL23EF0820
GL23EF0821
GL23EF0822
GL23EF0823
GL23EF0824
GL23EF0825
GL23EF0826
GL23EF0827
GL23EF0828
GL23EF0829
GL23EF0830
GL23EF0831
GL23EF0832
GL23EF0833
GL23EF0834
GL23EF0835
GL23EF0836
GL23EF0837
GL23EF0838
GL23EF0839
GL23EF0840
GL23EF0841
GL23EF0842
GL23EF0843
GL23EF0844
GL23EF0845
GL23EF0846
GL23EF0847
GL23EF0848
GL23EF0849
GL23EF0850
GL23EF0851
GL23EF0852
GL23EF0853
GL23EF0854
GL23EF0855
GL23EF0856
GL23EF0857
GL23EF0858
GL23EF0859
GL23EF0860
GL23EF0861
GL23EF0862
GL23EF0863
GL23EF0864
GL23EF0865
GL23EF0866
GL23EF0867
GL23EF0868
GL23EF0869
GL23EF0870
GL23EF0871
GL23EF0872
GL23EF0873
GL23EF0874
GL23EF0875
GL23EF0876
GL23EF0877
GL23EF0878
GL23EF0879
GL23EF0880
GL23EF0881
GL23EF0882
GL23EF0883
GL23EF0884
GL23EF0885
GL23EF0886
GL23EF0887
GL23EF0888
GL23EF0889
GL23EF0890
GL23EF0891
GL23EF0892
GL23EF0893
GL23EF0894
GL23EF0895
GL23EF0896
GL23EF0897
GL23EF0898
GL23EF0899
GL23EF0900
GL23EF0901
GL23EF0902
GL23EF0903
GL23EF0904
GL23EF0905
GL23EF0906
GL23EF0907
GL23EF0908
GL23EF0909
GL23EF0910
GL23EF0911
GL23EF0912
GL23EF0913
GL23EF0914
GL23EF0915
GL23EF0916
GL23EF0917
GL23EF0918
GL23EF0919
GL23EF0920
GL23EF0921
GL23EF0922
GL23EF0923
GL23EF0924
GL23EF0925
GL23EF0926
GL23EF0927
GL23EF0928
GL23EF0929
GL23EF0930
GL23EF0931
GL23EF0932
GL23EF0933
GL23EF0934
GL23EF0935
GL23EF0936
GL23EF0937
GL23EF0938
GL23EF0939
GL23EF0940
GL23EF0941
GL23EF0942
GL23EF0943
GL23EF0944
GL23EF0945
GL23EF0946
GL23EF0947
GL23EF0948
GL23EF0949
GL23EF0950
GL23EF0951
GL23EF0952
GL23EF0953
GL23EF0954
GL23EF0955
GL23EF0956
GL23EF0957
GL23EF0958
GL23EF0959
GL23EF0960
GL23EF0961
GL23EF0962
GL23EF0963
GL23EF0964
GL23EF0965
GL23EF0966
GL23EF0967
GL23EF0968
GL23EF0969
GL23EF0970
GL23EF0971
GL23EF0972
GL23EF0973
GL23EF0974
GL23EF0975
GL23EF0976
GL23EF0977
GL23EF0978
GL23EF0979
GL23EF0980
GL23EF0981
GL23EF0982
GL23EF0983
GL23EF0984
GL23EF0985
GL23EF0986
GL23EF0987
GL23EF0988
GL23EF0989
GL23EF0990
GL23EF0991
GL23EF0992
GL23EF0993
GL23EF0994
GL23EF0995
GL23EF0996
GL23EF0997
GL23EF0998
GL23EF0999
GL23EF1000
GL23EF1001
GL23EF1002
GL23EF1003
GL23EF1004
GL23EF1005
GL23EF1006
GL23EF1007
GL23EF1008
GL23EF1009
GL23EF1010
GL23EF1011
GL23EF1012
GL23EF1013
GL23EF1014
GL23EF1015
GL23EF1016
GL23EF1017
GL23EF1018
GL23EF1019
GL23EF1020
GL23EF1021
GL23EF1022
GL23EF1023
GL23EF1024
GL23EF1025
GL23EF1026
GL23EF1027
GL23EF1028
GL23EF1029
GL23EF1030
GL23EF1031
GL23EF1032
GL23EF1033
GL23EF1034
GL23EF1035
GL23EF1036
GL23EF1037
GL23EF1038
GL23EF1039
GL23EF1040
GL23EF1041
GL23EF1042
GL23EF1043
GL23EF1044
GL23EF1045
GL23EF1046
GL23EF1047
GL23EF1048
GL23EF1049
GL23EF1050
GL23EF1051
GL23EF1052
GL23EF1053
GL23EF1054
GL23EF1055
GL23EF1056
GL23EF1057
GL23EF1058
GL23EF1059
GL23EF1060
GL23EF1061
GL23EF1062
GL23EF1063
GL23EF1064
GL23EF1065
GL23EF1066
GL23EF1067
GL23EF1068
GL23EF1069
GL23EF1070
GL23EF1071
GL23EF1072
GL23EF1073
GL23EF1074
GL23EF1075
GL23EF1076
GL23EF1077
GL23EF1078
GL23EF1079
GL23EF1080
GL23EF1081
GL23EF1082
GL23EF1083
GL23EF1084
GL23EF1085
GL23EF1086
GL23EF1087
GL23EF1088
GL23EF1089
GL23EF1090
GL23EF1091
GL23EF1092
GL23EF1093
GL23EF1094
GL23EF1095
GL23EF1096
GL23EF1097
GL23EF1098
GL23EF1099
GL23EF1100
GL23EF1101
GL23EF1102
GL23EF1103
GL23EF1104
GL23EF1105
GL23EF1106
GL23EF1107
GL23EF1108
GL23EF1109
GL23EF1110
GL23EF1111
GL23EF1112
GL23EF1113
GL23EF1114
GL23EF1115
GL23EF1116
GL23EF1117
GL23EF1118
GL23EF1119
GL23EF1120
GL23EF1121
GL23EF1122
GL23EF1123
GL23EF1124
GL23EF1125
GL23EF1126
GL23EF1127
GL23EF1128
GL23EF1129
GL23EF1130
GL23EF1131
GL23EF1132
GL23EF1133
GL23EF1134
GL23EF1135
GL23EF1136
GL23EF1137
GL23EF1138
GL23EF1139
GL23EF1140
GL23EF1141
GL23EF1142
GL23EF1143
GL23EF1144
GL23EF1145
GL23EF1146
GL23EF1147
GL23EF1148
GL23EF1149
GL23EF1150
GL23EF1151
GL23EF1152
GL23EF1153
GL23EF1154
GL23EF1155
GL23EF1156
GL23EF1157
GL23EF1158
GL23EF1159
GL23EF1160
GL23EF1161
GL23EF1162
GL23EF1163
GL23EF1164
GL23EF1165
GL23EF1166
GL23EF1167
GL23EF1168
GL23EF1169
GL23EF1170
GL23EF1171
GL23EF1172
GL23EF1173
GL23EF1174
GL23EF1175
GL23EF1176
GL23EF1177
GL23EF1178
GL23EF1179
GL23EF1180
GL23EF1181
GL23EF1182
GL23EF1183
GL23EF1184
GL23EF1185
GL23EF1186
GL23EF1187
GL23EF1188
GL23EF1189
GL23EF1190
GL23EF1191
GL23EF1192
GL23EF1193
GL23EF1194
GL23EF1195
GL23EF1196
GL23EF1197
GL23EF1198
GL23EF1199
GL23EF1200
GL23EF1201
GL23EF1202
GL23EF1203
GL23EF1204
GL23EF1205
GL23EF1206
GL23EF1207
GL23EF1208
GL23EF1209
GL23EF1210
GL23EF1211
GL23EF1212
GL23EF1213
GL23EF1214
GL23EF1215
GL23EF1216
GL23EF1217
GL23EF1218
GL23EF1219
GL23EF1220
GL23EF1221
GL23EF1222
GL23EF1223
GL23EF1224
GL23EF1225
GL23EF1226
GL23EF1227
GL23EF1228
GL23EF1229
GL23EF1230
GL23EF1231
GL23EF1232
GL23EF1233
GL23EF1234
GL23EF1235
GL23EF1236
GL23EF1237
GL23EF1238
GL23EF1239
GL23EF1240
GL23EF1241
GL23EF1242
GL23EF1243
GL23EF1244
GL23EF1245
GL23EF1246
GL23EF1247
GL23EF1248
GL23EF1249
GL23EF1250
GL23EF1251
GL23EF1252
GL23EF1253
GL23EF1254
GL23EF1255
GL23EF1256
GL23EF1257
GL23EF1258
GL23EF1259
GL23EF1260
GL23EF1261
GL23EF1262
GL23EF1263
GL23EF1264
GL23EF1265
GL23EF1266
GL23EF1267
GL23EF1268
GL23EF1269
GL23EF1270
GL23EF1271
GL23EF1272
GL23EF1273
GL23EF1274
GL23EF1275
GL23EF1276
GL23EF1277
GL23EF1278
GL23EF1279
GL23EF1280
GL23EF1281
GL23EF1282
GL23EF1283
GL23EF1284
GL23EF1285
GL23EF1286
GL23EF1287
GL23EF1288
GL23EF1289
GL23EF1290
GL23EF1291
GL23EF1292
GL23EF1293
GL23EF1294
GL23EF1295
GL23EF1296
GL23EF1297
GL23EF1298
GL23EF1299
GL23EF1300
GL23EF1301
GL23EF1302
GL23EF1303
GL23EF1304
GL23EF1305
GL23EF1306
GL23EF1307
GL23EF1308
GL23EF1309
GL23EF1310
GL23EF1311
GL23EF1312
GL23EF1313
GL23EF1314
GL23EF1315
GL23EF1316
GL23EF1317
GL23EF1318
GL23EF1319
GL23EF1320
GL23EF1321
GL23EF1322
GL23EF1323
GL23EF1324
GL23EF1325
GL23EF1326
GL23EF1327
GL23EF1328
GL23EF1329
GL23EF1330
GL23EF1331
GL23EF1332
GL23EF1333
GL23EF1334
GL23EF1335
GL23EF1336
GL23EF1337
GL23EF1338
GL23EF1339
GL23EF1340
GL23EF1341
GL23EF1342
GL23EF1343
GL23EF1344
GL23EF1345
GL23EF1346
GL23EF1347
GL23EF1348
GL23EF1349
GL23EF1350
GL23EF1351
GL23EF1352
GL23EF1353
GL23EF1354
GL23EF1355
GL23EF1356
GL23EF1357
GL23EF1358
GL23EF1359
GL23EF1360
GL23EF1361
GL23EF1362
GL23EF1363
GL23EF1364
GL23EF1365
GL23EF1366
GL23EF1367
GL23EF1368
GL23EF1369
GL23EF1370
GL23EF1371
GL23EF1372
GL23EF1373
GL23EF1374
GL23EF1375
GL23EF1376
GL23EF1377
GL23EF1378
GL23EF1379
GL23EF1380
GL23EF1381
GL23EF1382
GL23EF1383
GL23EF1384
GL23EF1385
GL23EF1386
GL23EF1387
GL23EF1388
GL23EF1389
GL23EF1390
GL23EF1391
GL23EF1392
GL23EF1393
GL23EF1394
GL23EF1395
GL23EF1396
GL23EF1397
GL23EF1398
GL23EF1399
GL23EF1400
GL23EF1401
GL23EF1402
GL23EF1403
GL23EF1404
GL23EF1405
GL23EF1406
GL23EF1407
GL23EF1408
GL23EF1409
GL23EF1410
GL23EF1411
GL23EF1412
GL23EF1413
GL23EF1414
GL23EF1415
GL23EF1416
GL23EF1417
GL23EF1418
GL23EF1419
GL23EF1420
GL23EF1421
GL23EF1422
GL23EF1423
GL23EF1424
GL23EF1425
GL23EF1426
GL23EF1427
GL23EF1428
GL23EF1429
GL23EF1430
GL23EF1431
GL23EF1432
GL23EF1433
GL23EF1434
GL23EF1435
GL23EF1436
GL23EF1437
GL23EF1438
GL23EF1439
GL23EF1440
GL23EF1441
GL23EF1442
GL23EF1443
GL23EF1444
GL23EF1445
GL23EF1446
GL23EF1447
GL23EF1448
GL23EF1449
GL23EF1450
GL23EF1451
GL23EF1452
GL23EF1453
GL23EF1454
GL23EF1455
GL23EF1456
GL23EF1457
GL23EF1458
GL23EF1459
GL23EF1460
GL23EF1461
GL23EF1462
GL23EF1463
GL23EF1464
GL23EF1465
GL23EF1466
GL23EF1467
GL23EF1468
GL23EF1469
GL23EF1470
GL23EF1471
GL23EF1472
GL23EF1473
GL23EF1474
GL23EF1475
GL23EF1476
GL23EF1477
GL23EF1478
GL23EF1479
GL23EF1480
GL23EF1481
GL23EF1482
GL23EF1483
GL23EF1484
GL23EF1485
GL23EF1486
GL23EF1487
GL23EF1488
GL23EF1489
GL23EF1490
GL23EF1491
GL23EF1492
GL23EF1493
GL23EF1494
GL23EF1495
GL23EF1496
GL23EF1497
GL23EF1498
GL23EF1499
GL23EF1500
GL23EF1501
GL23EF1502
GL23EF1503
GL23EF1504
GL23EF1505
GL23EF1506
GL23EF1507
GL23EF1508
GL23EF1509
GL23EF1510
GL23EF1511
GL23EF1512
GL23EF1513
GL23EF1514
GL23EF1515
GL23EF1516
GL23EF1517
GL23EF1518
GL23EF1519
GL23EF1520
GL23EF1521
GL23EF1522
GL23EF1523
GL23EF1524
GL23EF1525
GL23EF1526
GL23EF1527
GL23EF1528
GL23EF1529
GL23EF1530
GL23EF1531
GL23EF1532
GL23EF1533
GL23EF1534
GL23EF1535
GL23EF1536
GL23EF1537
GL23EF1538
GL23EF1539
GL23EF1540
GL23EF1541
GL23EF1542
GL23EF1543
GL23EF1544
GL23EF1545
GL23EF1546
GL23EF1547
GL23EF1548
GL23EF1549
GL23EF1550
GL23EF1551
GL23EF1552
GL23EF1553
GL23EF1554
GL23EF1555
GL23EF1556
GL23EF1557
GL23EF1558
GL23EF1559
GL23EF1560
GL23EF1561
GL23EF1562
GL23EF1563
GL23EF1564
GL23EF1565
GL23EF1566
GL23EF1567
GL23EF1568
GL23EF1569
GL23EF1570
GL23EF1571
GL23EF1572
GL23EF1573
GL23EF1574
GL23EF1575
GL23EF1576
GL23EF1577
GL23EF1578
GL23EF1579
GL23EF1580
GL23EF1581
GL23EF1582
GL23EF1583
GL23EF1584
GL23EF1585
GL23EF1586
GL23EF1587
GL23EF1588
GL23EF1589
GL23EF1590
GL23EF1591
GL23EF1592
GL23EF1593
GL23EF1594
GL23EF1595
GL23EF1596
GL23EF1597
GL23EF1598
GL23EF1599
GL23EF1600
GL23EF1601
GL23EF1602
GL23EF1603
GL23EF1604
GL23EF1605
GL23EF1606
GL23EF1607
GL23EF1608
GL23EF1609
GL23EF1610
GL23EF1611
GL23EF1612
GL23EF1613
GL23EF1614
GL23EF1615
GL23EF1616
GL23EF1617
GL23EF1618
GL23EF1619
GL23EF1620
GL23EF1621
GL23EF1622
GL23EF1623
GL23EF1624
GL23EF1625
GL23EF1626
GL23EF1627
GL23EF1628
GL23EF1629
GL23EF1630
GL23EF1631
GL23EF1632
GL23EF1633
GL23EF1634
GL23EF1635
GL23EF1636
GL23EF1637
GL23EF1638
GL23EF1639
GL23EF1640
GL23EF1641
GL23EF1642
GL23EF1643
GL23EF1644
GL23EF1645
GL23EF1646
GL23EF1647
GL23EF1648
GL23EF1649
GL23EF1650
GL23EF1651
GL23EF1652
GL23EF1653
GL23EF1654
GL23EF1655
GL23EF1656
GL23EF1657
GL23EF1658
GL23EF1659
GL23EF1660
GL23EF1661
GL23EF1662
GL23EF1663
GL23EF1664
GL23EF1665
GL23EF1666
GL23EF1667
GL23EF1668
GL23EF1669
GL23EF1670
GL23EF1671
GL23EF1672
GL23EF1673
GL23EF1674
GL23EF1675
GL23EF1676
GL23EF1677
GL23EF1678
GL23EF1679
GL23EF1680
GL23EF1681
GL23EF1682
GL23EF1683
GL23EF1684
GL23EF1685
GL23EF1686
GL23EF1687
GL23EF1688
GL23EF1689
GL23EF1690
GL23EF1691
GL23EF1692
GL23EF1693
GL23EF1694
GL23EF1695
GL23EF1696
GL23EF1697
GL23EF1698
GL23EF1699
GL23EF1700
GL23EF1701
GL23EF1702
GL23EF1703
GL23EF1704
GL23EF1705
GL23EF1706
GL23EF1707
GL23EF1708
GL23EF1709
GL23EF1710
GL23EF1711
GL23EF1712
GL23EF1713
GL23EF1714
GL23EF1715
GL23EF1716
GL23EF1717
GL23EF1718
GL23EF1719
GL23EF1720
GL23EF1721
GL23EF1722
GL23EF1723
GL23EF1724
GL23EF1725
GL23EF1726
GL23EF1727
GL23EF1728
GL23EF1729
GL23EF1730
GL23EF1731
GL23EF1732
GL23EF1733
GL23EF1734
GL23EF1735
GL23EF1736
GL23EF1737
GL23EF1738
GL23EF1739
GL23EF1740
GL23EF1741
GL23EF1742
GL23EF1743
GL23EF1744
GL23EF1745
GL23EF1746
GL23EF1747
GL23EF1748
GL23EF1749
GL23EF1750
GL23EF1751
GL23EF1752
GL23EF1753
GL23EF1754
GL23EF1755
GL23EF1756
GL23EF1757
GL23EF1758
GL23EF1759
GL23EF1760
GL23EF1761
GL23EF1762
GL23EF1763
GL23EF1764
GL23EF1765
GL23EF1766
GL23EF1767
GL23EF1768
GL23EF1769
GL23EF1770
GL23EF1771
GL23EF1772
GL23EF1773
GL23EF1774
GL23EF1775
GL23EF1776
GL23EF1777
GL23EF1778
GL23EF1779
GL23EF1780
GL23EF1781
GL23EF1782
GL23EF1783
GL23EF1784
GL23EF1785
GL23EF1786
GL23EF1787
GL23EF1788
GL23EF1789
GL23EF1790
GL23EF1791
GL23EF1792
GL23EF1793
GL23EF1794
GL23EF1795
GL23EF1796
GL23EF1797
GL23EF1798
GL23EF1799
GL23EF1800
GL23EF1801
GL23EF1802
GL23EF1803
GL23EF1804
GL23EF1805
GL23EF1806
GL23EF1807
GL23EF1808
GL23EF1809
GL23EF1810
GL23EF1811
GL23EF1812
GL23EF1813
GL23EF1814
GL23EF1815
GL23EF1816
GL23EF1817
GL23EF1818
GL23EF1819
GL23EF1820
GL23EF1821
GL23EF1822
GL23EF1823
GL23EF1824
GL23EF1825
GL23EF1826
GL23EF1827
GL23EF1828
GL23EF1829
GL23EF1830
GL23EF1831
GL23EF1832
GL23EF1833
GL23EF1834
GL23EF1835
GL23EF1836
GL23EF1837
GL23EF1838
GL23EF1839
GL23EF1840
GL23EF1841
GL23EF1842
GL23EF1843
GL23EF1844
GL23EF1845
GL23EF1846
GL23EF1847
GL23EF1848
GL23EF1849
GL23EF1850
GL23EF1851
GL23EF1852
GL23EF1853
GL23EF1854
GL23EF1855
GL23EF1856
GL23EF1857
GL23EF1858
GL23EF1859
GL23EF1860
GL23EF1861
GL23EF1862
GL23EF1863
GL23EF1864
GL23EF1865
GL23EF1866
GL23EF1867
GL23EF1868
GL23EF1869
GL23EF1870
GL23EF1871
GL23EF1872
GL23EF1873
GL23EF1874
GL23EF1875
GL23EF1876
GL23EF1877
GL23EF1878
GL23EF1879
GL23EF1880
GL23EF1881
GL23EF1882
GL23EF1883
GL23EF1884
GL23EF1885
GL23EF1886
GL23EF1887
GL23EF1888
GL23EF1889
GL23EF1890
GL23EF1891
GL23EF1892
GL23EF1893
GL23EF1894
GL23EF1895
GL23EF1896
GL23EF1897
GL23EF1898
GL23EF1899
GL23EF1900
GL23EF1901
GL23EF1902
GL23EF1903
GL23EF1904
GL23EF1905
GL23EF1906
GL23EF1907
GL23EF1908
GL23EF1909
GL23EF1910
GL23EF1911
GL23EF1912
GL23EF1913
GL23EF1914
GL23EF1915
GL23EF1916
GL23EF1917
GL23EF1918
GL23EF1919
GL23EF1920
GL23EF1921
GL23EF1922
GL23EF1923
GL23EF1924
GL23EF1925
GL23EF1926
GL23EF1927
GL23EF1928
GL23EF1929
GL23EF1930
GL23EF1931
GL23EF1932
GL23EF1933
GL23EF1934
GL23EF1935
GL23EF1936
GL23EF1937
GL23EF1938
GL23EF1939
GL23EF1940
GL23EF1941
GL23EF1942
GL23EF1943
GL23EF1944
GL23EF1945
GL23EF1946
GL23EF1947
GL23EF1948
GL23EF1949
GL23EF1950
GL23EF1951
GL23EF1952
GL23EF1953
GL23EF1954
GL23EF1955
GL23EF1956
GL23EF1957
GL23EF1958
GL23EF1959
GL23EF1960
GL23EF1961
GL23EF1962
GL23EF1963
GL23EF1964
GL23EF1965
GL23EF1966
GL23EF1967
GL23EF1968
GL23EF1969
GL23EF1970
GL23EF1971
GL23EF1972
GL23EF1973
GL23EF1974
GL23EF1975
GL23EF1976
GL23EF1977
GL23EF1978
GL23EF1979
GL23EF1980
GL23EF1981
GL23EF1982
GL23EF1983
GL23EF1984
GL23EF1985
GL23EF1986
GL23EF1987
GL23EF1988
GL23EF1989
GL23EF1990
GL23EF1991
GL23EF1992
GL23EF1993
GL23EF1994
GL23EF1995
GL23EF1996
GL23EF1997
GL23EF1998
GL23EF1999
GL23EF2000
GL23EF2001
GL23EF2002
GL23EF2003
GL23EF2004
GL23EF2005
GL23EF2006
GL23EF2007
GL23EF2008
GL23EF2009
GL23EF2010
GL23EF2011
GL23EF2012
GL23EF2013
GL23EF2014
GL23EF2015
GL23EF2016
GL23EF2017
GL23EF2018
GL23EF2019
GL23EF2020
GL23EF2021
GL23EF2022
GL23EF2023
GL23EF2024
GL23EF2025
GL23EF2026
GL23EF2027
GL23EF2028
GL23EF2029
GL23EF2030
GL23EF2031
GL23EF2032
GL23EF2033
GL23EF2034
GL23EF2035
GL23EF2036
GL23EF2037
GL23EF2038
GL23EF2039
GL23EF2040
GL23EF2041
GL23EF2042
GL23EF2043
GL23EF2044
GL23EF2045
GL23EF2046
GL23EF2047
GL23EF2048
GL23EF2049
GL23EF2050
GL23EF2051
GL23EF2052
GL23EF2053
GL23EF2054
GL23EF2055
GL23EF2056
GL23EF2057
GL23EF2058
GL23EF2059
GL23EF2060
GL23EF2061
GL23EF2062
GL23EF2063
GL23EF2064
GL23EF2065
GL23EF2066
GL23EF2067
GL23EF2068
GL23EF2069
GL23EF2070
GL23EF2071
GL23EF2072
GL23EF2073
GL23EF2074
GL23EF2075
GL23EF2076
GL23EF2077
GL23EF2078
GL23EF2079
GL23EF2080
GL23EF2081
GL23EF2082
GL23EF2083
GL23EF2084
GL23EF2085
GL23EF2086
GL23EF2087
GL23EF2088
GL23EF2089
GL23EF2090
GL23EF2091
GL23EF2092
GL23EF2093
GL23EF2094
GL23EF2095
GL23EF2096
GL23EF2097
GL23EF2098
GL23EF2099
GL23EF2100
GL23EF2101
GL23EF2102
GL23EF2103
GL23EF2104
GL23EF2105
GL23EF2106
GL23EF2107
GL23EF2108
GL23EF2109
GL23EF2110
GL23EF2111
GL23EF2112
GL23EF2113
GL23EF2114
GL23EF2115
GL23EF2116
GL23EF2117
GL23EF2118
GL23EF2119
GL23EF2120
GL23EF2121
GL23EF2122
GL23EF2123
GL23EF2124
GL23EF2125
GL23EF2126
GL23EF2127
GL23EF2128
GL23EF2129
GL23EF2130
GL23EF2131
GL23EF2132
GL23EF2133
GL23EF2134
GL23EF2135
GL23EF2136
GL23EF2137
GL23EF2138
GL23EF2139
GL23EF2140
GL23EF2141
GL23EF2142
GL23EF2143
GL23EF2144
GL23EF2145
GL23EF2146
GL23EF2147
GL23EF2148
GL23EF2149
GL23EF2150
GL23EF2151
GL23EF2152
GL23EF2153
GL23EF2154
GL23EF2155
GL23EF2156
GL23EF2157
GL23EF2158
GL23EF2159
GL23EF2160
GL23EF2161
GL23EF2162
GL23EF2163
GL23EF2164
GL23EF2165
GL23EF2166
GL23EF2167
GL23EF2168
GL23EF2169
GL23EF2170
GL23EF2171
GL23EF2172
GL23EF2173
GL23EF2174
GL23EF2175
GL23EF2176
GL23EF2177
GL23EF2178
GL23EF2179
GL23EF2180
GL23EF2181
GL23EF2182
GL23EF2183
GL23EF2184
GL23EF2185
GL23EF2186
GL23EF2187
GL23EF2188
GL23EF2189
GL23EF2190
GL23EF2191
GL23EF2192
GL23EF2193
GL23EF2194
GL23EF2195
GL23EF2196
GL23EF2197
GL23EF2198
GL23EF2199
GL23EF2200
GL23EF2201
GL23EF2202
GL23EF2203
GL23EF2204
GL23EF2205
GL23EF2206
GL23EF2207
GL23EF2208
GL23EF2209
GL23EF2210
GL23EF2211
GL23EF2212
GL23EF2213
GL23EF2214
GL23EF2215
GL23EF2216
GL23EF2217
GL23EF2218
GL23EF2219
GL23EF2220
GL23EF2221
GL23EF2222
GL23EF2223
GL23EF2224
GL23EF2225
GL23EF2226
GL23EF2227
GL23EF2228
GL23EF2229
GL23EF2230
GL23EF2231
GL23EF2232
GL23EF2233
GL23EF2234
GL23EF2235
GL23EF2236
GL23EF2237
GL23EF2238
GL23EF2239
GL23EF2240
GL23EF2241
GL23EF2242
GL23EF2243
GL23EF2244
GL23EF2245
GL23EF2246
GL23EF2247
GL23EF2248
GL23EF2249
GL23EF2250
GL23EF2251
GL23EF2252
GL23EF2253
GL23EF2254
GL23EF2255
GL23EF2256
GL23EF2257
GL23EF2258
GL23EF2259
GL23EF2260
GL23EF2261
GL23EF2262
GL23EF2263
GL23EF2264
GL23EF2265
GL23EF2266
GL23EF2267
GL23EF2268
GL23EF2269
GL23EF2270
GL23EF2271
GL23EF2272
GL23EF2273
GL23EF2274
GL23EF2275
GL23EF2276
GL23EF2277
GL23EF2278
GL23EF2279
GL23EF2280
GL23EF2281
GL23EF2282
GL23EF2283
GL23EF2284
GL23EF2285
GL23EF2286
GL23EF2287
GL23EF2288
GL23EF2289
GL23EF2290
GL23EF2291
GL23EF2292
GL23EF2293
GL23EF2294
GL23EF2295
GL23EF2296
GL23EF2297
GL23EF2298
GL23EF2299
GL23EF2300
GL23EF2301
GL23EF2302
GL23EF2303
GL23EF2304
GL23EF2305
GL23EF2306
GL23EF2307
GL23EF2308
GL23EF2309
GL23EF2310
GL23EF2311
GL23EF2312
GL23EF2313
GL23EF2314
GL23EF2315
GL23EF2316
GL23EF2317
GL23EF2318
GL23EF2319
GL23EF2320
GL23EF2321
GL23EF2322
GL23EF2323
GL23EF2324
GL23EF2325
GL23EF2326
GL23EF2327
GL23EF2328
GL23EF2329
GL23EF2330
GL23EF2331
GL23EF2332
GL23EF2333
GL23EF2334
GL23EF2335
GL23EF2336
GL23EF2337
GL23EF2338
GL23EF2339
GL23EF2340
GL23EF2341
GL23EF2342
GL23EF2343
GL23EF2344
GL23EF2345
GL23EF2346
GL23EF2347
GL23EF2348
GL23EF2349
GL23EF2350
GL23EF2351
GL23EF2352
GL23EF2353
GL23EF2354
GL23EF2355
GL23EF2356
GL23EF2357
GL23EF2358
GL23EF2359
GL23EF2360
GL23EF2361
GL23EF2362
GL23EF2363
GL23EF2364
GL23EF2365
GL23EF2366
GL23EF2367
GL23EF2368
GL23EF2369
GL23EF2370
GL23EF2371
GL23EF2372
GL23EF2373
GL23EF2374
GL23EF2375
GL23EF2376
GL23EF2377
GL23EF2378
GL23EF2379
GL23EF2380
GL23EF2381
GL23EF2382
GL23EF2383
GL23EF2384
GL23EF2385
GL23EF2386
GL23EF2387
GL23EF2388
GL23EF2389
GL23EF2390
GL23EF2391
GL23EF2392
GL23EF2393
GL23EF2394
GL23EF2395
GL23EF2396
GL23EF2397
GL23EF2398
GL23EF2399
GL23EF2400
GL23EF2401
GL23EF2402
GL23EF2403
GL23EF2404
GL23EF2405
GL23EF2406
GL23EF2407
GL23EF2408
GL23EF2409
GL23EF2410
GL23EF2411
GL23EF2412
GL23EF2413
GL23EF2414
GL23EF2415
GL23EF2416
GL23EF2417
GL23EF2418
GL23EF2419
GL23EF2420
GL23EF2421
GL23EF2422
GL23EF2423
GL23EF2424
GL23EF2425
GL23EF2426
GL23EF2427
GL23EF2428
GL23EF2429
GL23EF2430
GL23EF2431
GL23EF2432
GL23EF2433
GL23EF2434
GL23EF2435
GL23EF2436
GL23EF2437
GL23EF2438
GL23EF2439
GL23EF2440
GL23EF2441
GL23EF2442
GL23EF2443
GL23EF2444
GL23EF2445
GL23EF2446
GL23EF2447
GL23EF2448
GL23EF2449
GL23EF2450
GL23EF2451
GL23EF2452
GL23EF2453
GL23EF2454
GL23EF2455
GL23EF2456
GL23EF2457
GL23EF2458
GL23EF2459
GL23EF2460
GL23EF2461
GL23EF2462
GL23EF2463
GL23EF2464
GL23EF2465
GL23EF2466
GL23EF2467
GL23EF2468
GL23EF2469
GL23EF2470
GL23EF2471
GL23EF2472
GL23EF2473
GL23EF2474
GL23EF2475
GL23EF2476
GL23EF2477
GL23EF2478
GL23EF2479
GL23EF2480
GL23EF2481
GL23EF2482
GL23EF2483
GL23EF2484
GL23EF2485
GL23EF2486
GL23EF2487
GL23EF2488
GL23EF2489
GL23EF2490
GL23EF2491
GL23EF2492
GL23EF2493
GL23EF2494
GL23EF2495
GL23EF2496
GL23EF2497
GL23EF2498
GL23EF2499
GL23EF2500
GL23EF2501
GL23EF2502
GL23EF2503
GL23EF2504
GL23EF2505
GL23EF2506
GL23EF2507
GL23EF2508
GL23EF2509
GL23EF2510
GL23EF2511
GL23EF2512
GL23EF2513
GL23EF2514
GL23EF2515
GL23EF2516
GL23EF2517
GL23EF2518
GL23EF2519
GL23EF2520
GL23EF2521
GL23EF2522
GL23EF2523
GL23EF2524
GL23EF2525
GL23EF2526
GL23EF2527
GL23EF2528
GL23EF2529
GL23EF2530
GL23EF2531
GL23EF2532
GL23EF2533
GL23EF2534
GL23EF2535
GL23EF2536
GL23EF2537
GL23EF2538
GL23EF2539
GL23EF2540
GL23EF2541
GL23EF2542
GL23EF2543
GL23EF2544
GL23EF2545
GL23EF2546
GL23EF2547
GL23EF2548
GL23EF2549
GL23EF2550
GL23EF2551
GL23EF2552
GL23EF2553
GL23EF2554
GL23EF2555
GL23EF2556
GL23EF2557
GL23EF2558
GL23EF2559
GL23EF2560
GL23EF2561
GL23EF2562
GL23EF2563
GL23EF2564
GL23EF2565
GL23EF2566
GL23EF2567
GL23EF2568
GL23EF2569
GL23EF2570
GL23EF2571
GL23EF2572
GL23EF2573
GL23EF2574
GL23EF2575
GL23EF2576
GL23EF2577
GL23EF2578
GL23EF2579
GL23EF2580
GL23EF2581
GL23EF2582
GL23EF2583
GL23EF2584
GL23EF2585
GL23EF2586
GL23EF2587
GL23EF2588
GL23EF2589
GL23EF2590
GL23EF2591
GL23EF2592
GL23EF2593
GL23EF2594
GL23EF2595
GL23EF2596
GL23EF2597
GL23EF2598
GL23EF2599
GL23EF2600
GL23EF2601
GL23EF2602
GL23EF2603
GL23EF2604
GL23EF2605
GL23EF2606
GL23EF2607
GL23EF2608
GL23EF2609
GL23EF2610
GL23EF2611
GL23EF2612
GL23EF2613
GL23EF2614
GL23EF2615
GL23EF2616
GL23EF2617
GL23EF2618
GL23EF2619
GL23EF2620
GL23EF2621
GL23EF2622
GL23EF2623
GL23EF2624
GL23EF2625
GL23EF2626
GL23EF2627
GL23EF2628
GL23EF2629
GL23EF2630
GL23EF2631
GL23EF2632
GL23EF2633
GL23EF2634
GL23EF2635
GL23EF2636
GL23EF2637
GL23EF2638
GL23EF2639
GL23EF2640
GL23EF2641
GL23EF2642
GL23EF2643
GL23EF2644
GL23EF2645
GL23EF2646
GL23EF2647
GL23EF2648
GL23EF2649
GL23EF2650
GL23EF2651
GL23EF2652
GL23EF2653
GL23EF2654
GL23EF2655
GL23EF2656
GL23EF2657
GL23EF2658
GL23EF2659
GL23EF2660
GL23EF2661
GL23EF2662
GL23EF2663
GL23EF2664
GL23EF2665
GL23EF2666
GL23EF2667
GL23EF2668
GL23EF2669
GL23EF2670
GL23EF2671
GL23EF2672
GL23EF2673
GL23EF2674
GL23EF2675
GL23EF2676
GL23EF2677
GL23EF2678
GL23EF2679
GL23EF2680
GL23EF2681
GL23EF2682
GL23EF2683
GL23EF2684
GL23EF2685
GL23EF2686
GL23EF2687
GL23EF2688
GL23EF2689
GL23EF2690
GL23EF2691
GL23EF2692
GL23EF2693
GL23EF2694
GL23EF2695
GL23EF2696
GL23EF2697
GL23EF2698
GL23EF2699
GL23EF2700
GL23EF2701
GL23EF2702
GL23EF2703
GL23EF2704
GL23EF2705
GL23EF2706
GL23EF2707
GL23EF2708
GL23EF2709
GL23EF2710
GL23EF2711
GL23EF2712
GL23EF2713
GL23EF2714
GL23EF2715
GL23EF2716
GL23EF2717
GL23EF2718
GL23EF2719
GL23EF2720
GL23EF2721
GL23EF2722
GL23EF2723
GL23EF2724
GL23EF2725
GL23EF2726
GL23EF2727
GL23EF2728
GL23EF2729
GL23EF2730
GL23EF2731
GL23EF2732
GL23EF2733
GL23EF2734
GL23EF2735
GL23EF2736
GL23EF2737
GL23EF2738
GL23EF2739
GL23EF2740
GL23EF2741
GL23EF2742
GL23EF2743
GL23EF2744
GL23EF2745
GL23EF2746
GL23EF2747
GL23EF2748
GL23EF2749
GL23EF2750
GL23EF2751
GL23EF2752
GL23EF2753
GL23EF2754
GL23EF2755
GL23EF2756
GL23EF2757
GL23EF2758
GL23EF2759
GL23EF2760
GL23EF2761
GL23EF2762
GL23EF2763
GL23EF2764
GL23EF2765
GL23EF2766
GL23EF2767
GL23EF2768
GL23EF2769
GL23EF2770
GL23EF2771
GL23EF2772
GL23EF2773
GL23EF2774
GL23EF2775
GL23EF2776
GL23EF2777
GL23EF2778
GL23EF2779
GL23EF2780
GL23EF2781
GL23EF2782
GL23EF2783
GL23EF2784
GL23EF2785
GL23EF2786
GL23EF2787
GL23EF2788
GL23EF2789
GL23EF2790
GL23EF2791
GL23EF2792
GL23EF2793
GL23EF2794
GL23EF2795
GL23EF2796
GL23EF2797
GL23EF2798
GL23EF2799
GL23EF2800
GL23EF2801
GL23EF2802
GL23EF2803
GL23EF2804
GL23EF2805
GL23EF2806
GL23EF2807
GL23EF2808
GL23EF2809
GL23EF2810
GL23EF2811
GL23EF2812
GL23EF2813
GL23EF2814
GL23EF2815
GL23EF2816
GL23EF2817
GL23EF2818
GL23EF2819
GL23EF2820
GL23EF2821
GL23EF2822
GL23EF2823
GL23EF2824
GL23EF2825
GL23EF2826
GL23EF2827
GL23EF2828
GL23EF2829
GL23EF2830
GL23EF2831
GL23EF2832
GL23EF2833
GL23EF2834
GL23EF2835
GL23EF2836
GL23EF2837
GL23EF2838
GL23EF2839
GL23EF2840
GL23EF2841
GL23EF2842
GL23EF2843
GL23EF2844
GL23EF2845
GL23EF2846
GL23EF2847
GL23EF2848
GL23EF2849
GL23EF2850
GL23EF2851
GL23EF2852
GL23EF2853
GL23EF2854
GL23EF2855
GL23EF2856
GL23EF2857
GL23EF2858
GL23EF2859
GL23EF2860
GL23EF2861
GL23EF2862
GL23EF2863
GL23EF2864
GL23EF2865
GL23EF2866
GL23EF2867
GL23EF2868
GL23EF2869
GL23EF2870
GL23EF2871
GL23EF2872
GL23EF2873
GL23EF2874
GL23EF2875
GL23EF2876
GL23EF2877
GL23EF2878
GL23EF2879
GL23EF2880
GL23EF2881
GL23EF2882
GL23EF2883
GL23EF2884
GL23EF2885
GL23EF2886
GL23EF2887
GL23EF2888
GL23EF2889
GL23EF2890
GL23EF2891
GL23EF2892
GL23EF2893
GL23EF2894
GL23EF2895
GL23EF2896
GL23EF2897
GL23EF2898
GL23EF2899
GL23EF2900
GL23EF2901
GL23EF2902
GL23EF2903
GL23EF2904
GL23EF2905
GL23EF2906
GL23EF2907
GL23EF2908
GL23EF2909
GL23EF2910
GL23EF2911
GL23EF2912
GL23EF2913
GL23EF2914
GL23EF2915
GL23EF2916
GL23EF2917
GL23EF2918
GL23EF2919
GL23EF2920
GL23EF2921
GL23EF2922
GL23EF2923
GL23EF2924
GL23EF2925
GL23EF2926
GL23EF2927
GL23EF2928
GL23EF2929
GL23EF2930
GL23EF2931
GL23EF2932
GL23EF2933
GL23EF2934
GL23EF2935
GL23EF2936
GL23EF2937
GL23EF2938
GL23EF2939
GL23EF2940
GL23EF2941
GL23EF2942
GL23EF2943
GL23EF2944
GL23EF2945
GL23EF2946
GL23EF2947
GL23EF2948
GL23EF2949
GL23EF2950
GL23EF2951
GL23EF2952
GL23EF2953
GL23EF2954
GL23EF2955
GL23EF2956
GL23EF2957
GL23EF2958
GL23EF2959
GL23EF2960
GL23EF2961
GL23EF2962
GL23EF2963
GL23EF2964
GL23EF2965
GL23EF2966
GL23EF2967
GL23EF2968
GL23EF2969
GL23EF2970
GL23EF2971
GL23EF2972
GL23EF2973
GL23EF2974
GL23EF2975
GL23EF2976
GL23EF2977
GL23EF2978
GL23EF2979
GL23EF2980
GL23EF2981
GL23EF2982
GL23EF2983
GL23EF2984
GL23EF2985
GL23EF2986
GL23EF2987
GL23EF2988
GL23EF2989
GL23EF2990
GL23EF2991
GL23EF2992
GL23EF2993
GL23EF2994
GL23EF2995
GL23EF2996
GL23EF2997
GL23EF2998
GL23EF2999
GL23EF3000